-- phpMyAdmin SQL Dump
-- version 5.2.1
-- https://www.phpmyadmin.net/
--
-- Host: localhost:3306
-- Generation Time: Nov 04, 2024 at 03:25 PM
-- Server version: 10.6.20-MariaDB-log
-- PHP Version: 8.3.13

SET SQL_MODE = "NO_AUTO_VALUE_ON_ZERO";
START TRANSACTION;
SET time_zone = "+00:00";


/*!40101 SET @OLD_CHARACTER_SET_CLIENT=@@CHARACTER_SET_CLIENT */;
/*!40101 SET @OLD_CHARACTER_SET_RESULTS=@@CHARACTER_SET_RESULTS */;
/*!40101 SET @OLD_COLLATION_CONNECTION=@@COLLATION_CONNECTION */;
/*!40101 SET NAMES utf8mb4 */;

--
-- Database: `anotheruser_software`
--

-- --------------------------------------------------------

--
-- Table structure for table `admins`
--

CREATE TABLE `admins` (
  `id` bigint(20) UNSIGNED NOT NULL,
  `email` varchar(255) NOT NULL,
  `password` varchar(255) NOT NULL,
  `remember_token` varchar(100) DEFAULT NULL,
  `created_at` timestamp NULL DEFAULT NULL,
  `updated_at` timestamp NULL DEFAULT NULL
) ENGINE=InnoDB DEFAULT CHARSET=utf8mb4 COLLATE=utf8mb4_unicode_ci;

--
-- Dumping data for table `admins`
--

INSERT INTO `admins` (`id`, `email`, `password`, `remember_token`, `created_at`, `updated_at`) VALUES
(1, 'zahid.hasan6@gmail.com', '$2y$10$wiCd0WcDg3SlXEdSXPo7i.joTaCtQoIbkGC/NRJnZmR96rK7vhw8m', 'JLYEs1h27zdPjZ3JNe8YhfG7B59jsDtT4cqfPpnXAFlDslm2pmYaoAAb003r', '2020-12-27 01:58:44', '2020-12-27 02:08:37');

-- --------------------------------------------------------

--
-- Table structure for table `categories`
--

CREATE TABLE `categories` (
  `id` bigint(20) UNSIGNED NOT NULL,
  `name` varchar(255) NOT NULL,
  `created_at` timestamp NULL DEFAULT NULL,
  `updated_at` timestamp NULL DEFAULT NULL
) ENGINE=InnoDB DEFAULT CHARSET=utf8mb4 COLLATE=utf8mb4_unicode_ci;

--
-- Dumping data for table `categories`
--

INSERT INTO `categories` (`id`, `name`, `created_at`, `updated_at`) VALUES
(1, 'Rice', '2024-10-06 03:19:38', '2024-10-06 03:19:38'),
(2, 'Mastered Oil', '2024-10-06 03:19:45', '2024-10-06 03:20:21'),
(5, 'Dal', '2024-10-06 03:52:55', '2024-10-25 02:56:41'),
(8, 'Oil', '2024-10-07 00:46:50', '2024-10-07 00:46:50'),
(9, 'Suger', '2024-10-23 21:44:37', '2024-10-23 21:44:37'),
(12, 'Atta', '2024-10-24 08:24:47', '2024-10-24 08:24:47'),
(13, 'Salt', '2024-10-24 08:30:34', '2024-10-24 08:30:34'),
(14, 'water', '2024-10-24 08:42:20', '2024-10-24 08:42:20'),
(15, 'Detergent', '2024-10-24 21:24:35', '2024-10-24 21:24:35'),
(16, 'Mouth wash', '2024-10-24 21:26:10', '2024-10-24 21:26:10'),
(17, 'Paper nakin', '2024-10-24 21:26:33', '2024-10-24 21:26:33'),
(18, 'Suji', '2024-10-24 22:43:01', '2024-10-24 22:43:01'),
(19, 'Tea', '2024-10-25 02:01:33', '2024-10-25 02:01:33'),
(20, 'Onion', '2024-10-25 08:35:18', '2024-10-25 08:35:18'),
(21, 'Soap', '2024-10-27 01:33:50', '2024-10-27 01:33:50');

-- --------------------------------------------------------

--
-- Table structure for table `companystocks`
--

CREATE TABLE `companystocks` (
  `id` bigint(20) UNSIGNED NOT NULL,
  `warehouseId` int(11) NOT NULL,
  `productId` int(11) NOT NULL,
  `quantity` int(11) NOT NULL,
  `created_at` timestamp NULL DEFAULT NULL,
  `updated_at` timestamp NULL DEFAULT NULL
) ENGINE=InnoDB DEFAULT CHARSET=utf8mb4 COLLATE=utf8mb4_unicode_ci;

--
-- Dumping data for table `companystocks`
--

INSERT INTO `companystocks` (`id`, `warehouseId`, `productId`, `quantity`, `created_at`, `updated_at`) VALUES
(1, 1, 1, 15, '2024-10-08 03:56:00', '2024-10-09 00:23:12'),
(2, 3, 1, 5, '2024-10-08 03:56:00', '2024-10-08 22:17:33'),
(3, 4, 1, 0, '2024-10-08 03:56:00', '2024-10-08 03:56:00'),
(4, 5, 1, 0, '2024-10-08 03:56:00', '2024-10-08 03:56:00'),
(5, 6, 1, 0, '2024-10-08 03:56:00', '2024-10-08 03:56:00'),
(11, 1, 3, 10, '2024-10-08 04:35:46', '2024-10-08 21:23:34'),
(12, 3, 3, 0, '2024-10-08 04:35:46', '2024-10-08 04:35:46'),
(13, 4, 3, 0, '2024-10-08 04:35:46', '2024-10-08 04:35:46'),
(14, 5, 3, 0, '2024-10-08 04:35:46', '2024-10-08 04:35:46'),
(15, 6, 3, 0, '2024-10-08 04:35:46', '2024-10-08 04:35:46'),
(21, 1, 5, 0, '2024-10-22 21:34:53', '2024-10-22 21:34:53'),
(22, 3, 5, 0, '2024-10-22 21:34:53', '2024-10-22 21:34:53'),
(23, 4, 5, 0, '2024-10-22 21:34:53', '2024-10-22 21:34:53'),
(24, 5, 5, 0, '2024-10-22 21:34:53', '2024-10-22 21:34:53'),
(25, 6, 5, 0, '2024-10-22 21:34:53', '2024-10-22 21:34:53'),
(26, 7, 5, 45, '2024-10-22 21:34:53', '2024-10-22 21:35:59'),
(27, 1, 6, 0, '2024-10-22 23:49:32', '2024-10-22 23:49:32'),
(28, 3, 6, 0, '2024-10-22 23:49:32', '2024-10-22 23:49:32'),
(29, 4, 6, 0, '2024-10-22 23:49:32', '2024-10-22 23:49:32'),
(30, 5, 6, 20, '2024-10-22 23:49:32', '2024-10-23 21:45:20'),
(31, 6, 6, 0, '2024-10-22 23:49:32', '2024-10-22 23:49:32'),
(32, 7, 6, 80, '2024-10-22 23:49:32', '2024-10-22 23:50:03'),
(33, 1, 7, 0, '2024-10-24 02:39:59', '2024-10-24 02:39:59'),
(34, 3, 7, 20, '2024-10-24 02:40:00', '2024-10-24 02:41:24'),
(35, 4, 7, 0, '2024-10-24 02:40:00', '2024-10-24 02:40:00'),
(36, 5, 7, 10, '2024-10-24 02:40:00', '2024-10-24 02:40:00'),
(37, 7, 7, 0, '2024-10-24 02:40:00', '2024-10-24 02:40:00'),
(38, 8, 7, 40, '2024-10-24 02:40:00', '2024-10-24 02:40:00');

-- --------------------------------------------------------

--
-- Table structure for table `company_products`
--

CREATE TABLE `company_products` (
  `id` bigint(20) UNSIGNED NOT NULL,
  `name` text DEFAULT NULL,
  `categoryId` int(11) NOT NULL,
  `price` int(11) NOT NULL,
  `unit` varchar(255) NOT NULL,
  `photo` text DEFAULT NULL,
  `created_at` timestamp NULL DEFAULT NULL,
  `updated_at` timestamp NULL DEFAULT NULL
) ENGINE=InnoDB DEFAULT CHARSET=utf8mb4 COLLATE=utf8mb4_unicode_ci;

--
-- Dumping data for table `company_products`
--

INSERT INTO `company_products` (`id`, `name`, `categoryId`, `price`, `unit`, `photo`, `created_at`, `updated_at`) VALUES
(1, 'Rice', 1, 12, 'KG', '1728384577.png', '2024-10-08 03:56:00', '2024-10-08 04:49:37'),
(3, '123213', 1, 123, 'Piece', '1728384588.png', '2024-10-08 04:35:46', '2024-10-08 04:49:48'),
(5, 'gazi tier', 1, 123, 'Piece', '1729654493.png', '2024-10-22 21:34:53', '2024-10-22 21:34:53'),
(6, 'Balv', 1, 1200, 'Litter', '1729662572.jpg', '2024-10-22 23:49:32', '2024-10-22 23:49:32'),
(7, 'Minicate Rice', 1, 1950, 'Bag', '1729759199.jpg', '2024-10-24 02:39:59', '2024-10-24 02:39:59');

-- --------------------------------------------------------

--
-- Table structure for table `credits`
--

CREATE TABLE `credits` (
  `id` bigint(20) UNSIGNED NOT NULL,
  `shop_id` int(11) NOT NULL,
  `total_amount` decimal(8,2) NOT NULL,
  `daTe` text DEFAULT NULL,
  `created_at` timestamp NULL DEFAULT NULL,
  `updated_at` timestamp NULL DEFAULT NULL
) ENGINE=InnoDB DEFAULT CHARSET=utf8mb4 COLLATE=utf8mb4_unicode_ci;

--
-- Dumping data for table `credits`
--

INSERT INTO `credits` (`id`, `shop_id`, `total_amount`, `daTe`, `created_at`, `updated_at`) VALUES
(1, 7, 78000.00, NULL, '2024-11-03 00:34:26', '2024-11-03 00:34:26');

-- --------------------------------------------------------

--
-- Table structure for table `debits`
--

CREATE TABLE `debits` (
  `id` bigint(20) UNSIGNED NOT NULL,
  `shop_id` int(11) NOT NULL,
  `payment_date` date NOT NULL,
  `amount` decimal(8,2) NOT NULL,
  `created_at` timestamp NULL DEFAULT NULL,
  `updated_at` timestamp NULL DEFAULT NULL
) ENGINE=InnoDB DEFAULT CHARSET=utf8mb4 COLLATE=utf8mb4_unicode_ci;

--
-- Dumping data for table `debits`
--

INSERT INTO `debits` (`id`, `shop_id`, `payment_date`, `amount`, `created_at`, `updated_at`) VALUES
(1, 7, '2024-11-04', 50000.00, '2024-11-03 21:36:16', '2024-11-03 21:36:16');

-- --------------------------------------------------------

--
-- Table structure for table `drivers`
--

CREATE TABLE `drivers` (
  `id` bigint(20) UNSIGNED NOT NULL,
  `name` text NOT NULL,
  `mobile` varchar(255) NOT NULL,
  `licence` text NOT NULL,
  `car` varchar(255) NOT NULL,
  `document` text NOT NULL,
  `address` text NOT NULL,
  `nid` text NOT NULL,
  `photo` text NOT NULL,
  `created_at` timestamp NULL DEFAULT NULL,
  `updated_at` timestamp NULL DEFAULT NULL
) ENGINE=InnoDB DEFAULT CHARSET=utf8mb4 COLLATE=utf8mb4_unicode_ci;

--
-- Dumping data for table `drivers`
--

INSERT INTO `drivers` (`id`, `name`, `mobile`, `licence`, `car`, `document`, `address`, `nid`, `photo`, `created_at`, `updated_at`) VALUES
(1, 'Zakir', '5646554', '5546545', '5454545', '1730265385_document.jpg', 'add', '21341324123', '1730268446_photo.jpg', '2024-10-29 23:16:25', '2024-10-30 00:24:51'),
(3, 'Utpal Nondi', '01779666633', '215487', 'GA-21-5214', '1730282855_document.jpg', '46, Kawran Bazar, Dhaka', '0215487963', '1730282855_photo.jpg', '2024-10-30 04:07:35', '2024-10-30 04:07:35');

-- --------------------------------------------------------

--
-- Table structure for table `expenses`
--

CREATE TABLE `expenses` (
  `id` bigint(20) UNSIGNED NOT NULL,
  `daTe` varchar(255) NOT NULL,
  `title` varchar(255) NOT NULL,
  `amount` int(11) NOT NULL,
  `created_at` timestamp NULL DEFAULT NULL,
  `updated_at` timestamp NULL DEFAULT NULL
) ENGINE=InnoDB DEFAULT CHARSET=utf8mb4 COLLATE=utf8mb4_unicode_ci;

--
-- Dumping data for table `expenses`
--

INSERT INTO `expenses` (`id`, `daTe`, `title`, `amount`, `created_at`, `updated_at`) VALUES
(4, '2024-10-28', 'Office Bill', 1000, '2024-10-28 05:40:12', '2024-10-28 05:40:12');

-- --------------------------------------------------------

--
-- Table structure for table `failed_jobs`
--

CREATE TABLE `failed_jobs` (
  `id` bigint(20) UNSIGNED NOT NULL,
  `uuid` varchar(255) NOT NULL,
  `connection` text NOT NULL,
  `queue` text NOT NULL,
  `payload` longtext NOT NULL,
  `exception` longtext NOT NULL,
  `failed_at` timestamp NOT NULL DEFAULT current_timestamp()
) ENGINE=InnoDB DEFAULT CHARSET=utf8mb4 COLLATE=utf8mb4_unicode_ci;

-- --------------------------------------------------------

--
-- Table structure for table `incomes`
--

CREATE TABLE `incomes` (
  `id` bigint(20) UNSIGNED NOT NULL,
  `daTe` varchar(255) NOT NULL,
  `title` varchar(255) NOT NULL,
  `amount` int(11) NOT NULL,
  `created_at` timestamp NULL DEFAULT NULL,
  `updated_at` timestamp NULL DEFAULT NULL
) ENGINE=InnoDB DEFAULT CHARSET=utf8mb4 COLLATE=utf8mb4_unicode_ci;

--
-- Dumping data for table `incomes`
--

INSERT INTO `incomes` (`id`, `daTe`, `title`, `amount`, `created_at`, `updated_at`) VALUES
(7, '2024-10-29', '23', 23, '2024-10-28 01:23:19', '2024-10-28 01:23:19'),
(10, '2024-10-28', 'Online Order', 1125, '2024-10-28 05:39:47', '2024-10-28 05:39:47');

-- --------------------------------------------------------

--
-- Table structure for table `migrations`
--

CREATE TABLE `migrations` (
  `id` int(10) UNSIGNED NOT NULL,
  `migration` varchar(255) NOT NULL,
  `batch` int(11) NOT NULL
) ENGINE=InnoDB DEFAULT CHARSET=utf8mb4 COLLATE=utf8mb4_unicode_ci;

--
-- Dumping data for table `migrations`
--

INSERT INTO `migrations` (`id`, `migration`, `batch`) VALUES
(1, '2014_10_12_000000_create_users_table', 1),
(2, '2014_10_12_100000_create_password_resets_table', 1),
(3, '2019_08_19_000000_create_failed_jobs_table', 1),
(4, '2020_12_28_093441_create_registrations_table', 2),
(5, '2020_12_28_093442_create_registrations_table', 3),
(6, '2021_01_02_081237_create_admins_table', 4),
(7, '2021_01_06_054941_create_notices_table', 5),
(8, '2021_01_20_105736_create_subscriptions_table', 6),
(9, '2021_01_21_074617_create_subscription_feesses_table', 7),
(10, '2021_02_08_062724_create_seminars_table', 8),
(11, '2021_02_16_081256_create_seminar_fees_table', 9),
(12, '2024_10_06_035918_create_warehouses_table', 10),
(13, '2024_10_06_072318_add_soft_deletes_to_warehouses_table', 11),
(14, '2024_10_06_074629_create_units_table', 12),
(15, '2024_10_06_081841_create_purchasecompanies_table', 13),
(16, '2024_10_06_091014_create_categories_table', 14),
(17, '2024_10_07_065412_create_stock_ins_table', 15),
(18, '2024_10_07_071311_create_products_table', 16),
(19, '2024_10_08_092019_create_companystocks_table', 17),
(20, '2024_10_08_093443_create_company_products_table', 18),
(21, '2024_10_14_032925_create_s_r_s_table', 19),
(22, '2024_10_14_065308_create_sr_shops_table', 19),
(23, '2024_10_16_052152_create_orders_table', 20),
(24, '2024_10_16_061409_create_orders_table', 21),
(25, '2024_10_20_051951_create_payments_table', 22);

-- --------------------------------------------------------

--
-- Table structure for table `orders`
--

CREATE TABLE `orders` (
  `id` bigint(20) UNSIGNED NOT NULL,
  `user_id` int(11) NOT NULL,
  `shop_id` int(11) NOT NULL,
  `total_amount` decimal(8,2) NOT NULL,
  `discount` decimal(8,2) NOT NULL DEFAULT 0.00,
  `final_total` decimal(8,2) NOT NULL,
  `status` varchar(255) NOT NULL,
  `created_at` timestamp NULL DEFAULT NULL,
  `updated_at` timestamp NULL DEFAULT NULL
) ENGINE=InnoDB DEFAULT CHARSET=utf8mb4 COLLATE=utf8mb4_unicode_ci;

--
-- Dumping data for table `orders`
--

INSERT INTO `orders` (`id`, `user_id`, `shop_id`, `total_amount`, `discount`, `final_total`, `status`, `created_at`, `updated_at`) VALUES
(1, 15, 13, 14170.00, 0.00, 14170.00, 'pending', '2024-10-31 02:12:45', '2024-10-31 02:12:45'),
(2, 16, 14, 156495.00, 995.00, 155500.00, 'pending', '2024-10-31 06:55:24', '2024-10-31 06:55:24'),
(3, 16, 15, 12540.00, 80.00, 12460.00, 'pending', '2024-10-31 06:56:41', '2024-10-31 06:56:41'),
(4, 15, 16, 6270.00, 0.00, 6270.00, 'pending', '2024-10-31 08:48:54', '2024-10-31 08:48:54'),
(5, 16, 20, 39250.00, 500.00, 38750.00, 'pending', '2024-10-31 21:01:41', '2024-10-31 21:01:41'),
(6, 16, 19, 78420.00, 1540.00, 76880.00, 'pending', '2024-10-31 21:06:30', '2024-10-31 21:06:30'),
(7, 16, 21, 71800.00, 1550.00, 70250.00, 'pending', '2024-10-31 21:08:41', '2024-10-31 21:08:41'),
(8, 16, 22, 35280.00, 360.00, 34920.00, 'pending', '2024-10-31 21:12:42', '2024-10-31 21:12:42'),
(9, 16, 18, 6270.00, 20.00, 6250.00, 'pending', '2024-10-31 21:14:41', '2024-10-31 21:14:41'),
(10, 16, 23, 5260.00, 10.00, 5250.00, 'pending', '2024-10-31 23:25:53', '2024-10-31 23:25:53'),
(11, 15, 24, 1980.00, 0.00, 1980.00, 'pending', '2024-11-01 22:23:47', '2024-11-01 22:23:47'),
(12, 16, 25, 64195.00, 995.00, 63200.00, 'pending', '2024-11-01 22:29:35', '2024-11-01 22:29:35'),
(13, 15, 28, 432.00, 24.00, 408.00, 'pending', '2024-11-01 22:47:04', '2024-11-01 22:47:04'),
(14, 15, 29, 1964.00, 0.00, 1964.00, 'pending', '2024-11-01 23:22:48', '2024-11-01 23:22:48'),
(15, 16, 30, 65860.00, 1160.00, 64700.00, 'pending', '2024-11-02 00:06:43', '2024-11-02 00:06:43'),
(16, 15, 31, 6094.00, 109.00, 5985.00, 'pending', '2024-11-02 00:12:57', '2024-11-02 00:12:57'),
(17, 15, 32, 1980.00, 20.00, 1960.00, 'pending', '2024-11-02 00:24:38', '2024-11-02 00:24:38'),
(18, 15, 33, 11810.00, 40.00, 11770.00, 'pending', '2024-11-02 01:25:59', '2024-11-02 01:25:59'),
(19, 15, 34, 6280.00, 0.00, 6280.00, 'pending', '2024-11-02 21:41:45', '2024-11-02 21:41:45'),
(20, 15, 35, 1980.00, 20.00, 1960.00, 'pending', '2024-11-02 21:44:32', '2024-11-02 21:44:32'),
(21, 16, 36, 62530.00, 5530.00, 57000.00, 'pending', '2024-11-03 01:39:22', '2024-11-03 01:39:22'),
(22, 16, 37, 62530.00, 1130.00, 61400.00, 'pending', '2024-11-03 01:41:13', '2024-11-03 01:41:13'),
(23, 16, 38, 48530.00, 230.00, 48300.00, 'pending', '2024-11-03 20:55:40', '2024-11-03 20:55:40'),
(24, 16, 19, 68115.00, 565.00, 67550.00, 'pending', '2024-11-04 01:02:28', '2024-11-04 01:02:28');

-- --------------------------------------------------------

--
-- Table structure for table `order_items`
--

CREATE TABLE `order_items` (
  `id` bigint(20) UNSIGNED NOT NULL,
  `order_id` bigint(20) UNSIGNED NOT NULL,
  `product_id` bigint(20) UNSIGNED NOT NULL,
  `price` decimal(10,2) NOT NULL,
  `quantity` int(11) NOT NULL,
  `total` decimal(10,2) NOT NULL,
  `created_at` timestamp NULL DEFAULT NULL,
  `updated_at` timestamp NULL DEFAULT NULL
) ENGINE=InnoDB DEFAULT CHARSET=utf8mb4 COLLATE=utf8mb4_unicode_ci;

--
-- Dumping data for table `order_items`
--

INSERT INTO `order_items` (`id`, `order_id`, `product_id`, `price`, `quantity`, `total`, `created_at`, `updated_at`) VALUES
(1, 1, 13, 1980.00, 4, 7920.00, '2024-10-31 02:12:45', '2024-10-31 02:12:45'),
(2, 1, 19, 6250.00, 1, 6250.00, '2024-10-31 02:12:45', '2024-10-31 02:12:45'),
(3, 2, 19, 6270.00, 10, 62700.00, '2024-10-31 06:55:24', '2024-10-31 06:55:24'),
(4, 2, 24, 169.00, 555, 93795.00, '2024-10-31 06:55:24', '2024-10-31 06:55:24'),
(5, 3, 19, 6270.00, 2, 12540.00, '2024-10-31 06:56:41', '2024-10-31 06:56:41'),
(6, 4, 19, 6270.00, 1, 6270.00, '2024-10-31 08:48:54', '2024-10-31 08:48:54'),
(7, 5, 11, 1570.00, 25, 39250.00, '2024-10-31 21:01:41', '2024-10-31 21:01:41'),
(8, 6, 22, 178.00, 370, 65860.00, '2024-10-31 21:06:30', '2024-10-31 21:06:30'),
(9, 6, 11, 1570.00, 8, 12560.00, '2024-10-31 21:06:31', '2024-10-31 21:06:31'),
(10, 7, 22, 178.00, 370, 65860.00, '2024-10-31 21:08:41', '2024-10-31 21:08:41'),
(11, 7, 13, 1980.00, 3, 5940.00, '2024-10-31 21:08:41', '2024-10-31 21:08:41'),
(12, 8, 11, 1570.00, 16, 25120.00, '2024-10-31 21:12:42', '2024-10-31 21:12:42'),
(13, 8, 12, 1520.00, 6, 9120.00, '2024-10-31 21:12:42', '2024-10-31 21:12:42'),
(14, 8, 14, 520.00, 2, 1040.00, '2024-10-31 21:12:42', '2024-10-31 21:12:42'),
(15, 9, 19, 6270.00, 1, 6270.00, '2024-10-31 21:14:41', '2024-10-31 21:14:41'),
(16, 10, 11, 1570.00, 1, 1570.00, '2024-10-31 23:25:53', '2024-10-31 23:25:53'),
(17, 10, 16, 102.00, 10, 1020.00, '2024-10-31 23:25:53', '2024-10-31 23:25:53'),
(18, 10, 22, 178.00, 15, 2670.00, '2024-10-31 23:25:53', '2024-10-31 23:25:53'),
(19, 11, 13, 1980.00, 1, 1980.00, '2024-11-01 22:23:47', '2024-11-01 22:23:47'),
(20, 12, 22, 178.00, 185, 32930.00, '2024-11-01 22:29:35', '2024-11-01 22:29:35'),
(21, 12, 24, 169.00, 185, 31265.00, '2024-11-01 22:29:35', '2024-11-01 22:29:35'),
(22, 13, 46, 9.00, 48, 432.00, '2024-11-01 22:47:04', '2024-11-01 22:47:04'),
(23, 14, 14, 520.00, 2, 1040.00, '2024-11-01 23:22:48', '2024-11-01 23:22:48'),
(24, 14, 30, 77.00, 12, 924.00, '2024-11-01 23:22:48', '2024-11-01 23:22:48'),
(25, 15, 22, 178.00, 370, 65860.00, '2024-11-02 00:06:43', '2024-11-02 00:06:43'),
(26, 16, 13, 1980.00, 1, 1980.00, '2024-11-02 00:12:57', '2024-11-02 00:12:57'),
(27, 16, 30, 77.00, 12, 924.00, '2024-11-02 00:12:57', '2024-11-02 00:12:57'),
(28, 16, 22, 178.00, 15, 2670.00, '2024-11-02 00:12:57', '2024-11-02 00:12:57'),
(29, 16, 14, 520.00, 1, 520.00, '2024-11-02 00:12:57', '2024-11-02 00:12:57'),
(30, 17, 13, 1980.00, 1, 1980.00, '2024-11-02 00:24:38', '2024-11-02 00:24:38'),
(31, 18, 13, 1980.00, 2, 3960.00, '2024-11-02 01:25:59', '2024-11-02 01:25:59'),
(32, 18, 11, 1570.00, 5, 7850.00, '2024-11-02 01:25:59', '2024-11-02 01:25:59'),
(33, 19, 11, 1570.00, 4, 6280.00, '2024-11-02 21:41:45', '2024-11-02 21:41:45'),
(34, 20, 13, 1980.00, 1, 1980.00, '2024-11-02 21:44:32', '2024-11-02 21:44:32'),
(35, 21, 24, 169.00, 370, 62530.00, '2024-11-03 01:39:22', '2024-11-03 01:39:22'),
(36, 22, 24, 169.00, 370, 62530.00, '2024-11-03 01:41:13', '2024-11-03 01:41:13'),
(37, 23, 22, 178.00, 185, 32930.00, '2024-11-03 20:55:40', '2024-11-03 20:55:40'),
(38, 23, 13, 1950.00, 8, 15600.00, '2024-11-03 20:55:40', '2024-11-03 20:55:40'),
(39, 24, 24, 169.00, 185, 31265.00, '2024-11-04 01:02:28', '2024-11-04 01:02:28'),
(40, 24, 19, 6200.00, 5, 31000.00, '2024-11-04 01:02:28', '2024-11-04 01:02:28'),
(41, 24, 13, 1950.00, 3, 5850.00, '2024-11-04 01:02:28', '2024-11-04 01:02:28');

-- --------------------------------------------------------

--
-- Table structure for table `otpresets`
--

CREATE TABLE `otpresets` (
  `id` bigint(20) UNSIGNED NOT NULL,
  `mobile` varchar(255) NOT NULL,
  `otp` varchar(255) NOT NULL,
  `created_at` timestamp NULL DEFAULT NULL,
  `updated_at` timestamp NULL DEFAULT NULL
) ENGINE=InnoDB DEFAULT CHARSET=utf8mb4 COLLATE=utf8mb4_unicode_ci;

-- --------------------------------------------------------

--
-- Table structure for table `password_resets`
--

CREATE TABLE `password_resets` (
  `email` varchar(255) NOT NULL,
  `token` varchar(255) NOT NULL,
  `created_at` timestamp NULL DEFAULT NULL
) ENGINE=InnoDB DEFAULT CHARSET=utf8mb4 COLLATE=utf8mb4_unicode_ci;

-- --------------------------------------------------------

--
-- Table structure for table `payments`
--

CREATE TABLE `payments` (
  `id` bigint(20) UNSIGNED NOT NULL,
  `shop_id` int(11) NOT NULL,
  `user_id` int(11) DEFAULT NULL,
  `payment_date` text NOT NULL,
  `amount` decimal(8,2) NOT NULL,
  `payment_type` varchar(255) NOT NULL,
  `created_at` timestamp NULL DEFAULT NULL,
  `updated_at` timestamp NULL DEFAULT NULL
) ENGINE=InnoDB DEFAULT CHARSET=utf8mb4 COLLATE=utf8mb4_unicode_ci;

--
-- Dumping data for table `payments`
--

INSERT INTO `payments` (`id`, `shop_id`, `user_id`, `payment_date`, `amount`, `payment_type`, `created_at`, `updated_at`) VALUES
(1, 15, 16, '2024-03-11', 12460.00, 'cash', '2024-10-31 06:59:16', '2024-10-31 06:59:16'),
(2, 18, 16, '2024-10-31', 6250.00, 'cash', '2024-10-31 21:19:08', '2024-10-31 21:19:08'),
(3, 19, 16, '2024-11-01', 20000.00, 'cash', '2024-10-31 21:20:02', '2024-10-31 21:20:02'),
(5, 21, 16, '2024-11-01', 50000.00, 'cash', '2024-10-31 21:22:43', '2024-10-31 21:22:43'),
(6, 16, 15, '2024-01-11', 3000.00, 'cash', '2024-10-31 21:34:40', '2024-10-31 21:34:40'),
(7, 23, 16, '2024-11-01', 5250.00, 'cash', '2024-10-31 23:27:51', '2024-10-31 23:27:51'),
(8, 13, 15, '2024-11-01', 14170.00, 'cash', '2024-11-01 11:18:42', '2024-11-01 11:18:42'),
(9, 25, 16, '2024-11-03', 53500.00, 'cash', '2024-11-03 01:46:09', '2024-11-03 01:46:09'),
(10, 30, 16, '2024-11-03', 64700.00, 'cash', '2024-11-03 01:52:58', '2024-11-03 01:52:58');

-- --------------------------------------------------------

--
-- Table structure for table `products`
--

CREATE TABLE `products` (
  `id` bigint(20) UNSIGNED NOT NULL,
  `categoryId` int(11) NOT NULL,
  `name` text DEFAULT NULL,
  `price` int(11) NOT NULL,
  `unit` text NOT NULL,
  `photo` text NOT NULL,
  `created_at` timestamp NULL DEFAULT NULL,
  `updated_at` timestamp NULL DEFAULT NULL
) ENGINE=InnoDB DEFAULT CHARSET=utf8mb4 COLLATE=utf8mb4_unicode_ci;

--
-- Dumping data for table `products`
--

INSERT INTO `products` (`id`, `categoryId`, `name`, `price`, `unit`, `photo`, `created_at`, `updated_at`) VALUES
(11, 1, 'কাঁঠাল মার্কা হাস্কি চাল ২৫ কেজি', 1570, 'Bag', '1729947915.png', '2024-10-24 07:36:25', '2024-10-26 07:05:15'),
(12, 1, 'হেলথ কেয়ার ফুল সিদ্ধ ২৮  চাল', 1520, 'Bag', '1729947927.png', '2024-10-24 08:21:36', '2024-10-26 07:05:27'),
(13, 12, 'হেলথ কেয়ার আটা ৫০ কজি', 1950, 'Bag', '1729947980.png', '2024-10-24 08:27:53', '2024-11-03 20:52:17'),
(14, 13, 'যমুনা মোটা লবণ ২৫ কজি', 520, 'Bag', '1729947994.png', '2024-10-24 08:36:58', '2024-10-26 07:06:34'),
(15, 13, 'মোটা লবণ ৫০ কেজি', 520, 'Bag', '1729948010.png', '2024-10-24 08:38:43', '2024-10-26 07:06:50'),
(16, 5, 'হেলথ কেয়ার মুসুরি ডাল ২৫ কেজি', 102, 'KG', '1729948240.jpg', '2024-10-24 08:40:45', '2024-10-31 23:15:56'),
(17, 14, 'হেলথ কেয়ার পানি ৫০০ মিলিঃ', 9, 'Piece', '1729948225.jpg', '2024-10-24 08:44:19', '2024-10-26 07:10:25'),
(18, 9, 'তীর চিনি ৫০ কেজি', 126, 'KG', '1729948077.png', '2024-10-24 08:48:13', '2024-11-01 11:25:38'),
(19, 9, 'ফ্রেশ চিনি ৫০ কেজি', 6200, 'Bag', '1729948089.png', '2024-10-24 08:50:39', '2024-11-04 00:55:12'),
(20, 1, 'এরফান চিনিগুড়া চাল ২৫ কেজি', 3120, 'Bag', '1729948109.png', '2024-10-24 08:54:42', '2024-10-26 07:08:29'),
(21, 1, 'এরফান চিনিগুড়া চাল ১ কেজি', 145, 'Piece', '1729948285.png', '2024-10-24 08:55:54', '2024-10-26 07:11:25'),
(22, 8, 'সিটি সইয়াবিন লুজ প্রতি কেজি', 178, 'KG', '1729948300.png', '2024-10-24 20:57:53', '2024-10-31 06:45:05'),
(23, 8, 'সিটি সুপার লুজ প্রতি কেজি', 167, 'KG', '1729948314.png', '2024-10-24 21:00:05', '2024-10-26 07:11:54'),
(24, 8, 'সিটি পাম লুজ প্রতি কেজি', 169, 'KG', '1729948326.png', '2024-10-24 21:03:37', '2024-10-31 06:47:26'),
(25, 5, 'ডাবরি ডাল প্রতি কেজি', 72, 'KG', '1729948481.jpg', '2024-10-24 21:07:42', '2024-10-26 07:14:41'),
(26, 1, 'এরফান মিনিকেট চাল ২৫ কেজি', 1800, 'Bag', '1729948354.png', '2024-10-24 21:14:51', '2024-10-26 07:12:34'),
(27, 1, 'ফ্রেশ কাটারি নাজির ২৫ কেজি', 2100, 'Bag', '1729948379.png', '2024-10-24 21:16:23', '2024-10-26 07:12:59'),
(28, 13, 'মুস্কান চিকন ২৫ কেজি লবণ', 880, 'Bag', '1729948416.png', '2024-10-24 21:20:10', '2024-10-27 01:30:49'),
(29, 15, 'রিন ডিটারজেন্ট ১০০০ গ্রাম', 153, 'Piece', '1729948530.jpg', '2024-10-24 21:23:32', '2024-10-26 07:15:30'),
(30, 15, 'রিন ডিটারজেন্ট ৫০০ গ্রাম', 77, 'Piece', '1729948550.jpg', '2024-10-24 21:28:31', '2024-10-26 07:15:50'),
(31, 15, 'হুইল ডিটারজেন্ট ১০০০ গ্রাম', 120, 'Piece', '1729948599.jpg', '2024-10-24 21:31:25', '2024-10-26 07:16:39'),
(32, 15, 'হুইল ডিটারজেন্ট ৫০০ গ্রাম', 64, 'Piece', '1729948633.jpg', '2024-10-24 21:32:51', '2024-10-26 07:17:13'),
(33, 15, 'সার্ফ এক্সেল ৫০০ গ্রাম', 108, 'Piece', '1729948647.jpg', '2024-10-24 21:49:48', '2024-10-26 07:17:27'),
(34, 15, 'ফাস্ট ওয়াস ডিটারজেন্ট ১০০০ গ্রাম', 150, 'Piece', '1730096768.jpg', '2024-10-24 21:55:30', '2024-10-28 00:26:08'),
(35, 15, 'ফাস্ট ওয়াস ডিটারজেন্ট ৫০০ গ্রাম', 70, 'Piece', '1730096819.jpg', '2024-10-24 21:57:06', '2024-10-28 00:26:59'),
(36, 16, 'মেডিপ্লাস ডিএস ১৫০ গ্রাম', 120, 'Piece', '1730096836.png', '2024-10-24 22:00:04', '2024-10-28 00:27:16'),
(37, 16, 'মেডিপ্লাস ডিএস ৯০ গ্রাম', 90, 'Piece', '1730096848.png', '2024-10-24 22:01:56', '2024-10-28 00:27:28'),
(38, 16, 'ক্লোজ আপ ১৫০ গ্রাম', 130, 'Piece', '1730096891.jpg', '2024-10-24 22:06:37', '2024-10-28 00:28:11'),
(39, 16, 'ক্লোজ আপ ১০০ গ্রাম', 90, 'Piece', '1730096907.jpg', '2024-10-24 22:08:29', '2024-10-28 00:28:27'),
(40, 16, 'ক্লোজ আপ ৫০ গ্রাম', 45, 'Piece', '1730096921.jpg', '2024-10-24 22:12:51', '2024-10-28 00:28:41'),
(41, 16, 'পেপসোডেন্ট ১৫০ গ্রাম', 130, 'Piece', '1730096953.jpg', '2024-10-24 22:15:02', '2024-10-28 00:29:13'),
(42, 16, 'পেপসোডেন্ট ১০০ গ্রাম', 90, 'Piece', '1730096967.jpg', '2024-10-24 22:15:57', '2024-10-28 00:29:27'),
(43, 16, 'পেপসোডেন্ট ৫০ গ্রাম', 45, 'Piece', '1730096978.jpg', '2024-10-24 22:16:57', '2024-10-28 00:29:38'),
(44, 17, 'বসুন্ধরা সেলুন টিস্যু', 50, 'Piece', '1730096993.png', '2024-10-24 22:20:13', '2024-10-28 00:29:53'),
(45, 17, 'বসুন্ধরা বক্স টিস্যু', 57, 'Piece', '1730097007.jpg', '2024-10-24 22:21:32', '2024-10-28 00:30:07'),
(46, 17, 'বসুন্ধরা পকেট টিস্যু', 9, 'Piece', '1730097023.jpg', '2024-10-24 22:22:55', '2024-10-28 00:30:23'),
(47, 12, 'তীর আটা ১ কেজি', 50, 'Piece', '1729948795.png', '2024-10-24 22:27:29', '2024-10-26 07:19:55'),
(48, 12, 'তীর আটা ২ কেজি', 100, 'Piece', '1729948808.png', '2024-10-24 22:28:20', '2024-10-26 07:20:08'),
(49, 12, 'তীর আটা ৫ কেজি', 245, 'Piece', '1729948819.png', '2024-10-24 22:30:39', '2024-10-26 07:20:19'),
(50, 8, 'তীর সয়াবিন ১ লিটার', 172, 'Piece', '1729948842.png', '2024-10-24 22:35:09', '2024-10-26 07:20:42'),
(51, 8, 'তীর সয়াবিন ২ লিটার', 342, 'Piece', '1729948966.png', '2024-10-24 22:36:20', '2024-10-26 07:22:46'),
(52, 8, 'তীর সয়াবিন ৫ লিটার', 838, 'Piece', '1729948979.png', '2024-10-24 22:38:05', '2024-10-26 07:22:59'),
(53, 18, 'তীর সুজি প্রতি ডজন', 520, 'Bag', '1730097408.jpg', '2024-10-24 22:42:28', '2024-10-28 00:36:48'),
(54, 19, 'ফ্রেশ চা পাতা ৫০০ গ্রাম', 190, 'Piece', '1730097312.jpg', '2024-10-25 02:03:09', '2024-10-28 00:35:12'),
(55, 8, 'রূপচাঁদা সয়াবিন ১ লিটার', 172, 'Piece', '1729948943.png', '2024-10-25 02:05:16', '2024-10-26 07:22:23'),
(56, 8, 'রূপচাঁদা সয়াবিন ২ লিটার', 342, 'Piece', '1729948930.png', '2024-10-25 02:06:26', '2024-10-26 07:22:10'),
(57, 8, 'রূপচাঁদা সয়াবিন ৫ লিটার', 818, 'Piece', '1729948919.png', '2024-10-25 02:07:31', '2024-10-26 07:21:59'),
(58, 20, 'দেশীয় পিয়াজ মানিকগঞ্জ', 125, 'KG', '1730097297.png', '2024-10-25 08:34:13', '2024-10-28 00:34:57'),
(59, 21, 'মেরিল বেলি ১০০ গ্রাম', 47, 'Piece', '1730097051.jpg', '2024-10-27 01:36:12', '2024-10-28 00:30:51'),
(60, 21, 'মেরিল মিল্ক ১০০ গ্রাম', 47, 'Piece', '1730097077.jpg', '2024-10-27 01:37:26', '2024-10-28 00:31:17'),
(61, 15, 'ভীম লিকুইড ৫০০ মিলিঃ', 130, 'Piece', '1730536887.png', '2024-11-02 02:41:27', '2024-11-02 02:41:27'),
(62, 17, 'বসুন্ধরা টয়লেট টিস্যু', 28, 'Piece', '1730620816.png', '2024-11-03 02:00:16', '2024-11-03 02:00:16'),
(63, 17, 'বসুন্ধরা কিচেন টিস্যু', 70, 'Piece', '1730620923.png', '2024-11-03 02:02:03', '2024-11-03 02:02:03');

-- --------------------------------------------------------

--
-- Table structure for table `purchasecompanies`
--

CREATE TABLE `purchasecompanies` (
  `id` bigint(20) UNSIGNED NOT NULL,
  `name` varchar(255) NOT NULL,
  `created_at` timestamp NULL DEFAULT NULL,
  `updated_at` timestamp NULL DEFAULT NULL
) ENGINE=InnoDB DEFAULT CHARSET=utf8mb4 COLLATE=utf8mb4_unicode_ci;

--
-- Dumping data for table `purchasecompanies`
--

INSERT INTO `purchasecompanies` (`id`, `name`, `created_at`, `updated_at`) VALUES
(1, 'Basundhara', '2024-10-06 02:33:02', '2024-10-06 02:33:02'),
(3, 'Pran Group', '2024-10-06 02:33:51', '2024-10-06 02:33:51'),
(4, 'Akiz', '2024-10-06 02:35:12', '2024-10-06 02:35:12'),
(5, 'Meghna', '2024-10-06 02:35:19', '2024-10-06 02:35:19'),
(7, 'GAZI', '2024-10-22 21:33:27', '2024-10-22 21:33:27');

-- --------------------------------------------------------

--
-- Table structure for table `routes`
--

CREATE TABLE `routes` (
  `id` bigint(20) UNSIGNED NOT NULL,
  `name` varchar(255) NOT NULL,
  `created_at` timestamp NULL DEFAULT NULL,
  `updated_at` timestamp NULL DEFAULT NULL
) ENGINE=InnoDB DEFAULT CHARSET=utf8mb4 COLLATE=utf8mb4_unicode_ci;

--
-- Dumping data for table `routes`
--

INSERT INTO `routes` (`id`, `name`, `created_at`, `updated_at`) VALUES
(1, 'Dhaka to Rajshahi', '2024-10-30 00:21:46', '2024-10-30 00:24:59'),
(3, 'Dhaka to Chittagong', '2024-10-30 04:07:58', '2024-10-30 04:07:58');

-- --------------------------------------------------------

--
-- Table structure for table `sr_shops`
--

CREATE TABLE `sr_shops` (
  `id` bigint(20) UNSIGNED NOT NULL,
  `shopName` varchar(255) NOT NULL,
  `ownerName` varchar(255) NOT NULL,
  `Mobile` varchar(255) NOT NULL,
  `Adress` varchar(255) NOT NULL,
  `srId` int(11) NOT NULL,
  `warehouseId` int(11) NOT NULL,
  `created_at` timestamp NULL DEFAULT NULL,
  `updated_at` timestamp NULL DEFAULT NULL
) ENGINE=InnoDB DEFAULT CHARSET=utf8mb4 COLLATE=utf8mb4_unicode_ci;

--
-- Dumping data for table `sr_shops`
--

INSERT INTO `sr_shops` (`id`, `shopName`, `ownerName`, `Mobile`, `Adress`, `srId`, `warehouseId`, `created_at`, `updated_at`) VALUES
(5, 'Bola Store', 'Bolanath', '01298745874', 'Mohammad pur ,Babor road 13c/3c', 10, 3, '2024-10-23 21:54:20', '2024-10-23 21:54:20'),
(7, 'আসরাফুল রিপন ষ্টোর', 'মোঃ সবেদ হোসেন', '01840048662', 'দক্ষিণ জামসা বাজার', 5, 3, '2024-10-25 02:40:52', '2024-10-25 02:40:52'),
(8, 'ওহাব এন্টারপ্রাইজ', 'আব্দুল ওহাব', '018 1919 5516', 'বাংলা বাজার,নবাবগজ্ঞ,', 5, 3, '2024-10-25 02:46:25', '2024-10-25 02:46:25'),
(9, 'জসিম স্টোর', 'মোঃ জসিম', '01725501757', 'আদাবর ঢাকা', 5, 3, '2024-10-25 08:41:46', '2024-10-25 08:41:46'),
(10, 'ক্যান্ডি শপ', 'ক্যান্ডি', '01750578960', 'বন খুরি', 5, 3, '2024-10-30 08:06:34', '2024-10-30 08:06:34'),
(11, 'ইমন স্টোর', 'ইমন কাজী', '01314081747', 'পালড়া বাজার', 5, 3, '2024-10-30 08:15:17', '2024-10-30 08:15:17'),
(12, 'আল মদিন বেকারি এন্ড রেস্টূরেন্ট', 'মোঃ মিলন হুসাইন', '01748259094', 'সুনাবাজর বেরিবাধ', 5, 3, '2024-10-30 22:34:39', '2024-10-30 22:34:39'),
(13, 'কেয়া স্টোর', 'কিয়ামুদ্দিন ইসলাম', '01787806877', 'ভারারিয়া মসজিদ রোড', 15, 3, '2024-10-31 02:08:46', '2024-10-31 02:08:46'),
(14, 'আল মদিন বেকারি এন্ড রেস্টূরেন্ট', 'মোঃ মিলন হুসাইন', '01748259094', 'সুনাবাজর বেরিবাধ', 16, 3, '2024-10-31 06:34:49', '2024-10-31 06:34:49'),
(15, 'মা বাবার দোয়া', 'ইদ্রীস আলী', '01792557739', 'গপালখালী বাজার', 16, 3, '2024-10-31 06:39:37', '2024-10-31 06:39:37'),
(16, 'খান স্টোর', 'বজলুল রহমান খান', '01315579963', 'হাটিপাড়া রোড', 15, 3, '2024-10-31 08:45:38', '2024-10-31 08:45:38'),
(17, 'খান স্টোর', 'বজলুল রহমান খান', '01315579963', 'হাটিপাড়া রোড', 15, 3, '2024-10-31 08:46:24', '2024-10-31 08:46:24'),
(18, 'আব্দুল গফুর স্টোর', 'মোঃ জালাল বিশ্বাস', '01760227360', 'বন খুরি', 16, 3, '2024-10-31 20:34:47', '2024-10-31 20:34:47'),
(19, 'ওহাব এন্টারপ্রাইজ', 'আব্দুল ওহাব', '01819195516', 'বাঃলা বাজার', 16, 3, '2024-10-31 20:40:07', '2024-10-31 20:40:07'),
(20, 'সনাতন স্টোর', 'সনাতন', '01967522977', 'বাঃলা বাজার', 16, 3, '2024-10-31 20:42:39', '2024-10-31 20:42:39'),
(21, 'আলী স্টোর', 'মুহাম্মদ আলী', '01967522977', 'জামসা বাজার', 16, 3, '2024-10-31 20:48:32', '2024-10-31 20:48:32'),
(22, 'মাসল্লাহ স্টোর', 'মোঃ সিরাজ', '01778800925', 'জামসা বাজার', 16, 3, '2024-10-31 20:51:36', '2024-10-31 20:51:36'),
(23, 'রবিউল কাকা', 'রবিউল ইসলাম', '01771245756', 'বন খুরি', 16, 3, '2024-10-31 23:12:37', '2024-10-31 23:12:37'),
(24, 'আজিজ স্টোর', 'আজিজ মিয়া', '01310186034', 'ভারারিয়া মোরজিদ রোড', 15, 3, '2024-11-01 22:17:12', '2024-11-01 22:17:12'),
(25, 'দিদার স্টোর', 'মুহাম্মদ পারভেজ', '01849615108', 'দক্ষিন জামসা বাজার', 16, 3, '2024-11-01 22:20:53', '2024-11-01 22:20:53'),
(26, 'মাসল্লাহ স্টোর', 'মোঃ সিরাজ', '01831633899', 'দক্ষিন জামসা বাজার', 16, 3, '2024-11-01 22:22:11', '2024-11-01 22:22:11'),
(28, 'চৌধুরী স্টোর', 'ভাষান', '0164384553', 'সট্টি বাজার', 15, 3, '2024-11-01 22:45:01', '2024-11-01 22:45:01'),
(29, 'আবুল স্টোর', 'মো: আবুল হসেন', '01700578947', 'কান্টাপারা', 15, 3, '2024-11-01 23:20:52', '2024-11-01 23:20:52'),
(30, 'সঞ্জীত স্টোর', 'সঞ্জীত', '01710983220', 'দাউদপুর বাজার,নবাবাগঞ্জ', 16, 3, '2024-11-02 00:03:18', '2024-11-02 00:03:18'),
(31, 'এশা স্টোর', 'মো: সাইদূর রহমান', '01716320898', 'চানপুর বাজার', 15, 3, '2024-11-02 00:11:15', '2024-11-02 00:11:15'),
(32, 'হাসান স্টোর', 'মো: হাকিম উদ্দিন', '01727755467', 'চানপুর বাজার', 15, 3, '2024-11-02 00:23:50', '2024-11-02 00:23:50'),
(33, 'আনিজ স্টোর', 'মো: এরশাদ মিয়া', '01618645293', 'চানপুর বাজার', 15, 3, '2024-11-02 01:23:12', '2024-11-02 01:23:12'),
(34, 'শিকদার এন্টার প্রাইজ', 'মো: আক্কাজ শিকদার', '01851483119', 'দানিস্তপুর', 15, 3, '2024-11-02 21:39:25', '2024-11-02 21:39:25'),
(35, 'মিলন স্টোর', 'মো: মিলন', '01772828402', 'সট্টি বাজার', 15, 3, '2024-11-02 21:43:03', '2024-11-02 21:43:03'),
(36, 'শিপন স্টোর', 'মুহাম্মদ শিপন', '01772128978', 'বনপারিল', 16, 3, '2024-11-03 01:34:03', '2024-11-03 01:34:03'),
(37, 'এ সি পি স্টোর', 'যাদব সাহা', '01815843456', 'বারুয়াখালী বাজার', 16, 3, '2024-11-03 01:37:31', '2024-11-03 01:37:31'),
(38, 'রাত্রি স্টোর', 'তপন', '01910500344', 'বাঃলা বাজার', 16, 3, '2024-11-03 20:46:16', '2024-11-03 20:46:16');

-- --------------------------------------------------------

--
-- Table structure for table `stock_ins`
--

CREATE TABLE `stock_ins` (
  `id` bigint(20) UNSIGNED NOT NULL,
  `warehouseId` int(11) NOT NULL,
  `productId` int(11) NOT NULL,
  `quantity` int(11) NOT NULL,
  `created_at` timestamp NULL DEFAULT NULL,
  `updated_at` timestamp NULL DEFAULT NULL
) ENGINE=InnoDB DEFAULT CHARSET=utf8mb4 COLLATE=utf8mb4_unicode_ci;

--
-- Dumping data for table `stock_ins`
--

INSERT INTO `stock_ins` (`id`, `warehouseId`, `productId`, `quantity`, `created_at`, `updated_at`) VALUES
(2, 10, 5, 12, '2024-10-07 22:11:50', '2024-10-07 22:11:50'),
(21, 3, 11, 167, '2024-10-24 07:36:25', '2024-11-02 21:41:45'),
(22, 10, 11, 400, '2024-10-24 07:36:25', '2024-10-24 07:36:25'),
(23, 3, 12, 394, '2024-10-24 08:21:36', '2024-10-31 21:12:42'),
(24, 10, 12, 400, '2024-10-24 08:21:36', '2024-10-24 08:21:36'),
(25, 3, 13, 15, '2024-10-24 08:27:53', '2024-11-04 01:02:28'),
(26, 10, 13, 400, '2024-10-24 08:27:53', '2024-10-24 08:27:53'),
(27, 3, 14, 495, '2024-10-24 08:36:58', '2024-11-02 00:12:57'),
(28, 10, 14, 400, '2024-10-24 08:36:58', '2024-10-24 08:36:58'),
(29, 3, 15, 400, '2024-10-24 08:38:43', '2024-10-24 08:38:43'),
(30, 10, 15, 400, '2024-10-24 08:38:43', '2024-10-24 08:38:43'),
(31, 3, 16, 2490, '2024-10-24 08:40:45', '2024-10-31 23:25:53'),
(32, 10, 16, 2500, '2024-10-24 08:40:45', '2024-10-31 23:15:56'),
(33, 3, 17, 396, '2024-10-24 08:44:19', '2024-10-26 21:52:02'),
(34, 10, 17, 400, '2024-10-24 08:44:19', '2024-10-24 08:44:19'),
(35, 3, 18, 3000, '2024-10-24 08:48:13', '2024-10-31 23:20:35'),
(36, 10, 18, 3000, '2024-10-24 08:48:13', '2024-10-31 23:20:35'),
(37, 3, 19, 40, '2024-10-24 08:50:39', '2024-11-04 01:02:28'),
(38, 10, 19, 60, '2024-10-24 08:50:39', '2024-11-04 00:55:13'),
(39, 3, 20, 400, '2024-10-24 08:54:42', '2024-10-24 08:54:42'),
(40, 10, 20, 400, '2024-10-24 08:54:42', '2024-10-24 08:54:42'),
(41, 3, 21, 395, '2024-10-24 08:55:54', '2024-10-27 10:32:37'),
(42, 10, 21, 400, '2024-10-24 08:55:54', '2024-10-24 08:55:54'),
(43, 3, 22, 3985, '2024-10-24 20:57:53', '2024-11-03 20:55:40'),
(44, 10, 22, 4755, '2024-10-24 20:57:53', '2024-10-31 06:45:05'),
(45, 3, 23, 5550, '2024-10-24 21:00:05', '2024-10-24 21:00:05'),
(46, 10, 23, 5550, '2024-10-24 21:00:05', '2024-10-24 21:00:05'),
(47, 3, 24, 1128, '2024-10-24 21:03:37', '2024-11-04 01:02:28'),
(48, 10, 24, 2793, '2024-10-24 21:03:37', '2024-10-31 06:47:26'),
(49, 3, 25, 274, '2024-10-24 21:07:42', '2024-10-30 08:18:48'),
(50, 10, 25, 400, '2024-10-24 21:07:42', '2024-10-24 21:07:42'),
(51, 3, 26, 377, '2024-10-24 21:14:51', '2024-10-26 21:09:48'),
(52, 10, 26, 400, '2024-10-24 21:14:51', '2024-10-24 21:14:51'),
(53, 3, 27, 400, '2024-10-24 21:16:23', '2024-10-24 21:16:23'),
(54, 10, 27, 400, '2024-10-24 21:16:23', '2024-10-24 21:16:23'),
(55, 3, 28, 395, '2024-10-24 21:20:10', '2024-10-26 23:37:40'),
(56, 10, 28, 400, '2024-10-24 21:20:10', '2024-10-24 21:20:10'),
(57, 3, 29, 392, '2024-10-24 21:23:32', '2024-10-26 23:37:40'),
(58, 10, 29, 400, '2024-10-24 21:23:32', '2024-10-24 21:23:32'),
(59, 3, 30, 376, '2024-10-24 21:28:31', '2024-11-02 00:12:57'),
(60, 10, 30, 400, '2024-10-24 21:28:31', '2024-10-24 21:28:31'),
(61, 3, 31, 400, '2024-10-24 21:31:25', '2024-10-24 21:31:25'),
(62, 10, 31, 400, '2024-10-24 21:31:25', '2024-10-24 21:31:25'),
(63, 3, 32, 400, '2024-10-24 21:32:51', '2024-10-24 21:32:51'),
(64, 10, 32, 400, '2024-10-24 21:32:51', '2024-10-24 21:32:51'),
(65, 3, 33, 400, '2024-10-24 21:49:48', '2024-10-24 21:49:48'),
(66, 10, 33, 400, '2024-10-24 21:49:48', '2024-10-24 21:49:48'),
(67, 3, 34, 400, '2024-10-24 21:55:30', '2024-10-24 21:55:30'),
(68, 10, 34, 400, '2024-10-24 21:55:30', '2024-10-24 21:55:30'),
(69, 3, 35, 400, '2024-10-24 21:57:06', '2024-10-24 21:57:06'),
(70, 10, 35, 400, '2024-10-24 21:57:06', '2024-10-24 21:57:06'),
(71, 3, 36, 400, '2024-10-24 22:00:04', '2024-10-24 22:00:04'),
(72, 10, 36, 400, '2024-10-24 22:00:04', '2024-10-24 22:00:04'),
(73, 3, 37, 400, '2024-10-24 22:01:56', '2024-10-24 22:01:56'),
(74, 10, 37, 400, '2024-10-24 22:01:56', '2024-10-24 22:01:56'),
(75, 3, 38, 400, '2024-10-24 22:06:37', '2024-10-24 22:06:37'),
(76, 10, 38, 400, '2024-10-24 22:06:37', '2024-10-24 22:06:37'),
(77, 3, 39, 395, '2024-10-24 22:08:29', '2024-10-26 23:37:40'),
(78, 10, 39, 400, '2024-10-24 22:08:29', '2024-10-24 22:08:29'),
(79, 3, 40, 400, '2024-10-24 22:12:51', '2024-10-24 22:12:51'),
(80, 10, 40, 400, '2024-10-24 22:12:51', '2024-10-24 22:12:51'),
(81, 3, 41, 400, '2024-10-24 22:15:02', '2024-10-24 22:15:02'),
(82, 10, 41, 400, '2024-10-24 22:15:02', '2024-10-24 22:15:02'),
(83, 3, 42, 400, '2024-10-24 22:15:57', '2024-10-24 22:15:57'),
(84, 10, 42, 400, '2024-10-24 22:15:57', '2024-10-24 22:15:57'),
(85, 3, 43, 400, '2024-10-24 22:16:57', '2024-10-24 22:16:57'),
(86, 10, 43, 400, '2024-10-24 22:16:57', '2024-10-24 22:16:57'),
(87, 3, 44, 388, '2024-10-24 22:20:13', '2024-10-30 07:59:57'),
(88, 10, 44, 400, '2024-10-24 22:20:13', '2024-10-24 22:20:13'),
(89, 3, 45, 400, '2024-10-24 22:21:32', '2024-10-24 22:21:32'),
(90, 10, 45, 400, '2024-10-24 22:21:32', '2024-10-24 22:21:32'),
(91, 3, 46, 3947, '2024-10-24 22:22:55', '2024-11-01 22:47:04'),
(92, 10, 46, 4000, '2024-10-24 22:22:55', '2024-10-24 22:22:55'),
(93, 3, 47, 392, '2024-10-24 22:27:29', '2024-10-26 23:37:40'),
(94, 10, 47, 400, '2024-10-24 22:27:29', '2024-10-24 22:27:29'),
(95, 3, 48, 390, '2024-10-24 22:28:20', '2024-10-26 06:18:29'),
(96, 10, 48, 400, '2024-10-24 22:28:20', '2024-10-24 22:28:20'),
(97, 3, 49, 400, '2024-10-24 22:30:39', '2024-10-24 22:30:39'),
(98, 10, 49, 400, '2024-10-24 22:30:39', '2024-10-24 22:30:39'),
(99, 3, 50, 400, '2024-10-24 22:35:09', '2024-10-24 22:35:09'),
(100, 10, 50, 400, '2024-10-24 22:35:09', '2024-10-24 22:35:09'),
(101, 3, 51, 395, '2024-10-24 22:36:20', '2024-10-26 06:18:29'),
(102, 10, 51, 400, '2024-10-24 22:36:20', '2024-10-24 22:36:20'),
(103, 3, 52, 400, '2024-10-24 22:38:05', '2024-10-24 22:38:05'),
(104, 10, 52, 400, '2024-10-24 22:38:05', '2024-10-24 22:38:05'),
(105, 3, 53, 396, '2024-10-24 22:42:28', '2024-10-26 21:09:48'),
(106, 10, 53, 400, '2024-10-24 22:42:28', '2024-10-24 22:42:28'),
(107, 3, 54, 398, '2024-10-25 02:03:09', '2024-10-26 21:11:43'),
(108, 10, 54, 400, '2024-10-25 02:03:09', '2024-10-25 02:03:09'),
(109, 3, 55, 400, '2024-10-25 02:05:16', '2024-10-25 02:05:16'),
(110, 10, 55, 400, '2024-10-25 02:05:16', '2024-10-25 02:05:16'),
(111, 3, 56, 400, '2024-10-25 02:06:26', '2024-10-25 02:06:26'),
(112, 10, 56, 400, '2024-10-25 02:06:26', '2024-10-25 02:06:26'),
(113, 3, 57, 400, '2024-10-25 02:07:31', '2024-10-25 02:07:31'),
(114, 10, 57, 400, '2024-10-25 02:07:31', '2024-10-25 02:07:31'),
(115, 3, 58, 275, '2024-10-25 08:34:13', '2024-10-26 21:11:43'),
(116, 10, 58, 400, '2024-10-25 08:34:13', '2024-10-25 08:34:13'),
(117, 3, 59, 400, '2024-10-27 01:36:12', '2024-10-27 01:36:12'),
(118, 10, 59, 400, '2024-10-27 01:36:12', '2024-10-27 01:36:12'),
(119, 3, 60, 400, '2024-10-27 01:37:26', '2024-10-27 01:37:26'),
(120, 10, 60, 400, '2024-10-27 01:37:26', '2024-10-27 01:37:26'),
(121, 3, 61, 48, '2024-11-02 02:41:27', '2024-11-02 02:41:27'),
(122, 10, 61, 48, '2024-11-02 02:41:27', '2024-11-02 02:41:27'),
(123, 3, 62, 400, '2024-11-03 02:00:16', '2024-11-03 02:00:16'),
(124, 10, 62, 400, '2024-11-03 02:00:16', '2024-11-03 02:00:16'),
(125, 3, 63, 60, '2024-11-03 02:02:03', '2024-11-03 02:02:03'),
(126, 10, 63, 60, '2024-11-03 02:02:03', '2024-11-03 02:02:03');

-- --------------------------------------------------------

--
-- Table structure for table `s_r_s`
--

CREATE TABLE `s_r_s` (
  `id` bigint(20) UNSIGNED NOT NULL,
  `created_at` timestamp NULL DEFAULT NULL,
  `updated_at` timestamp NULL DEFAULT NULL
) ENGINE=InnoDB DEFAULT CHARSET=utf8mb4 COLLATE=utf8mb4_unicode_ci;

-- --------------------------------------------------------

--
-- Table structure for table `trips`
--

CREATE TABLE `trips` (
  `id` bigint(20) UNSIGNED NOT NULL,
  `name` text NOT NULL,
  `driver` text NOT NULL,
  `route` text NOT NULL,
  `description` text NOT NULL,
  `fare` text NOT NULL,
  `daTe` text DEFAULT NULL,
  `created_at` timestamp NULL DEFAULT NULL,
  `updated_at` timestamp NULL DEFAULT NULL
) ENGINE=InnoDB DEFAULT CHARSET=utf8mb4 COLLATE=utf8mb4_unicode_ci;

--
-- Dumping data for table `trips`
--

INSERT INTO `trips` (`id`, `name`, `driver`, `route`, `description`, `fare`, `daTe`, `created_at`, `updated_at`) VALUES
(5, 'customer name', '1', '1', '234', '234', '2024-10-30', '2024-10-30 02:12:38', '2024-10-30 02:12:38'),
(6, 'new customer', '1', '1', '234', '234', '2024-10-01', '2024-10-30 02:13:11', '2024-10-30 02:25:19'),
(7, 'Zahid', '1', '1', '234', '500', '2024-10-30', '2024-10-30 02:23:03', '2024-10-30 02:23:03'),
(8, 'Ariful Hasan', '3', '3', 'Rice 50 kg -20\r\nSuger 50 kG-10', '2500', '2024-10-30', '2024-10-30 04:08:49', '2024-10-30 04:08:49');

-- --------------------------------------------------------

--
-- Table structure for table `units`
--

CREATE TABLE `units` (
  `id` bigint(20) UNSIGNED NOT NULL,
  `name` varchar(255) NOT NULL,
  `created_at` timestamp NULL DEFAULT NULL,
  `updated_at` timestamp NULL DEFAULT NULL
) ENGINE=InnoDB DEFAULT CHARSET=utf8mb4 COLLATE=utf8mb4_unicode_ci;

--
-- Dumping data for table `units`
--

INSERT INTO `units` (`id`, `name`, `created_at`, `updated_at`) VALUES
(3, 'Gram', '2024-10-06 02:34:44', '2024-10-06 02:34:44'),
(4, 'Piece', '2024-10-06 02:34:50', '2024-10-06 02:34:50'),
(5, 'Litter', '2024-10-06 02:34:55', '2024-10-06 02:34:55'),
(6, 'Bag', '2024-10-06 02:35:01', '2024-10-06 02:35:01'),
(7, 'KG', '2024-10-06 04:12:27', '2024-10-06 04:12:27');

-- --------------------------------------------------------

--
-- Table structure for table `users`
--

CREATE TABLE `users` (
  `id` bigint(20) UNSIGNED NOT NULL,
  `name` varchar(255) NOT NULL,
  `email` varchar(255) NOT NULL,
  `warehouse` int(11) DEFAULT NULL,
  `srAddress` text DEFAULT NULL,
  `srNid` text DEFAULT NULL,
  `srEducation` text DEFAULT NULL,
  `certificate` text DEFAULT NULL,
  `image` text DEFAULT NULL,
  `mobile` varchar(255) NOT NULL,
  `otp` varchar(191) DEFAULT NULL,
  `email_verified_at` timestamp NULL DEFAULT NULL,
  `password` varchar(255) NOT NULL,
  `verification_code` varchar(255) DEFAULT NULL,
  `is_verified` int(11) DEFAULT NULL,
  `is_admin` int(11) DEFAULT NULL,
  `remember_token` varchar(100) DEFAULT NULL,
  `created_at` timestamp NULL DEFAULT NULL,
  `updated_at` timestamp NULL DEFAULT NULL
) ENGINE=InnoDB DEFAULT CHARSET=utf8mb4 COLLATE=utf8mb4_unicode_ci;

--
-- Dumping data for table `users`
--

INSERT INTO `users` (`id`, `name`, `email`, `warehouse`, `srAddress`, `srNid`, `srEducation`, `certificate`, `image`, `mobile`, `otp`, `email_verified_at`, `password`, `verification_code`, `is_verified`, `is_admin`, `remember_token`, `created_at`, `updated_at`) VALUES
(1, 'Nurjahan', 'nurjahan@gmail.com', NULL, NULL, NULL, NULL, NULL, NULL, '01779666611', NULL, '2024-09-28 04:37:35', '$2y$10$6ScTHOG2ow3lQXv9pF1mwuch2F1/5rCmmlIlS3Q/n5JGsZb5rYKzm', '862041fc4aa0558bd105b637b8521885dddd630d', 1, 1, 'gBp36xDX744QQcw8VsJZkgqIR7HEeifsmtRYwyGFc4gyxJ1Byes8T8V9dwxe', '2024-09-28 04:37:35', '2024-09-28 04:37:35'),
(14, 'Aminur', 'aminur@nurjahan.com.bd', 3, 'Bonkhuri Bazar, Manikganj Sadar', '6899423815', 'HSC', 'uploads/certificates/1729931000_certificate.jpeg', 'uploads/sr_photos/1729931000_photo.jpeg', '01836597830', NULL, NULL, '$2y$10$txZJKTqylxTBhP32WSS3CuUnosXnONB.9kjgzWFe0sR5p2FjgTpRu', NULL, 1, 2, NULL, '2024-10-26 02:23:20', '2024-10-26 02:23:20'),
(15, 'Emon', 'emon@nurjahan.com.bd', 3, 'Bonkhuri', '9151204444', 'SSC', 'uploads/certificates/1730347869_certificate.png', 'uploads/sr_photos/1730347869_photo.png', '01314081747', NULL, NULL, '$2y$10$lTNTZ1R4mfr7M83Wc/1mCePjUw5NfhSYVMFOCkxmy3EwEbwy4YU4i', NULL, 1, 2, NULL, '2024-10-30 22:11:09', '2024-10-30 22:11:09'),
(16, 'Roman', 'roman@nurjahan.com.bd', 3, 'Bonkhuri', '7794257597', 'Masters', 'uploads/certificates/1730377775_certificate.JPG', 'uploads/sr_photos/1730377775_photo.JPG', '01726654557', NULL, NULL, '$2y$10$2C6qkCYvaYdIB4PxabkeyesxCvfC44d/kY7pb8PCDGkxoHgbN8pre', NULL, 1, 2, NULL, '2024-10-31 06:29:35', '2024-10-31 06:29:35');

-- --------------------------------------------------------

--
-- Table structure for table `warehouses`
--

CREATE TABLE `warehouses` (
  `id` bigint(20) UNSIGNED NOT NULL,
  `name` varchar(255) NOT NULL,
  `created_at` timestamp NULL DEFAULT NULL,
  `updated_at` timestamp NULL DEFAULT NULL,
  `deleted_at` timestamp NULL DEFAULT NULL
) ENGINE=InnoDB DEFAULT CHARSET=utf8mb4 COLLATE=utf8mb4_unicode_ci;

--
-- Dumping data for table `warehouses`
--

INSERT INTO `warehouses` (`id`, `name`, `created_at`, `updated_at`, `deleted_at`) VALUES
(3, 'Manikgonj', '2024-10-06 00:54:40', '2024-10-06 01:25:17', NULL),
(10, 'Dhaka', '2024-10-06 01:14:27', '2024-10-06 01:25:08', NULL);

--
-- Indexes for dumped tables
--

--
-- Indexes for table `admins`
--
ALTER TABLE `admins`
  ADD PRIMARY KEY (`id`),
  ADD UNIQUE KEY `admins_email_unique` (`email`);

--
-- Indexes for table `categories`
--
ALTER TABLE `categories`
  ADD PRIMARY KEY (`id`);

--
-- Indexes for table `companystocks`
--
ALTER TABLE `companystocks`
  ADD PRIMARY KEY (`id`);

--
-- Indexes for table `company_products`
--
ALTER TABLE `company_products`
  ADD PRIMARY KEY (`id`);

--
-- Indexes for table `credits`
--
ALTER TABLE `credits`
  ADD PRIMARY KEY (`id`);

--
-- Indexes for table `debits`
--
ALTER TABLE `debits`
  ADD PRIMARY KEY (`id`);

--
-- Indexes for table `drivers`
--
ALTER TABLE `drivers`
  ADD PRIMARY KEY (`id`);

--
-- Indexes for table `expenses`
--
ALTER TABLE `expenses`
  ADD PRIMARY KEY (`id`);

--
-- Indexes for table `failed_jobs`
--
ALTER TABLE `failed_jobs`
  ADD PRIMARY KEY (`id`),
  ADD UNIQUE KEY `failed_jobs_uuid_unique` (`uuid`);

--
-- Indexes for table `incomes`
--
ALTER TABLE `incomes`
  ADD PRIMARY KEY (`id`);

--
-- Indexes for table `migrations`
--
ALTER TABLE `migrations`
  ADD PRIMARY KEY (`id`);

--
-- Indexes for table `orders`
--
ALTER TABLE `orders`
  ADD PRIMARY KEY (`id`);

--
-- Indexes for table `order_items`
--
ALTER TABLE `order_items`
  ADD PRIMARY KEY (`id`);

--
-- Indexes for table `otpresets`
--
ALTER TABLE `otpresets`
  ADD PRIMARY KEY (`id`);

--
-- Indexes for table `password_resets`
--
ALTER TABLE `password_resets`
  ADD KEY `password_resets_email_index` (`email`);

--
-- Indexes for table `payments`
--
ALTER TABLE `payments`
  ADD PRIMARY KEY (`id`);

--
-- Indexes for table `products`
--
ALTER TABLE `products`
  ADD PRIMARY KEY (`id`);

--
-- Indexes for table `purchasecompanies`
--
ALTER TABLE `purchasecompanies`
  ADD PRIMARY KEY (`id`);

--
-- Indexes for table `routes`
--
ALTER TABLE `routes`
  ADD PRIMARY KEY (`id`);

--
-- Indexes for table `sr_shops`
--
ALTER TABLE `sr_shops`
  ADD PRIMARY KEY (`id`);

--
-- Indexes for table `stock_ins`
--
ALTER TABLE `stock_ins`
  ADD PRIMARY KEY (`id`);

--
-- Indexes for table `s_r_s`
--
ALTER TABLE `s_r_s`
  ADD PRIMARY KEY (`id`);

--
-- Indexes for table `trips`
--
ALTER TABLE `trips`
  ADD PRIMARY KEY (`id`);

--
-- Indexes for table `units`
--
ALTER TABLE `units`
  ADD PRIMARY KEY (`id`);

--
-- Indexes for table `users`
--
ALTER TABLE `users`
  ADD PRIMARY KEY (`id`),
  ADD UNIQUE KEY `users_email_unique` (`email`);

--
-- Indexes for table `warehouses`
--
ALTER TABLE `warehouses`
  ADD PRIMARY KEY (`id`);

--
-- AUTO_INCREMENT for dumped tables
--

--
-- AUTO_INCREMENT for table `admins`
--
ALTER TABLE `admins`
  MODIFY `id` bigint(20) UNSIGNED NOT NULL AUTO_INCREMENT, AUTO_INCREMENT=2;

--
-- AUTO_INCREMENT for table `categories`
--
ALTER TABLE `categories`
  MODIFY `id` bigint(20) UNSIGNED NOT NULL AUTO_INCREMENT, AUTO_INCREMENT=22;

--
-- AUTO_INCREMENT for table `companystocks`
--
ALTER TABLE `companystocks`
  MODIFY `id` bigint(20) UNSIGNED NOT NULL AUTO_INCREMENT, AUTO_INCREMENT=39;

--
-- AUTO_INCREMENT for table `company_products`
--
ALTER TABLE `company_products`
  MODIFY `id` bigint(20) UNSIGNED NOT NULL AUTO_INCREMENT, AUTO_INCREMENT=8;

--
-- AUTO_INCREMENT for table `credits`
--
ALTER TABLE `credits`
  MODIFY `id` bigint(20) UNSIGNED NOT NULL AUTO_INCREMENT, AUTO_INCREMENT=2;

--
-- AUTO_INCREMENT for table `debits`
--
ALTER TABLE `debits`
  MODIFY `id` bigint(20) UNSIGNED NOT NULL AUTO_INCREMENT, AUTO_INCREMENT=2;

--
-- AUTO_INCREMENT for table `drivers`
--
ALTER TABLE `drivers`
  MODIFY `id` bigint(20) UNSIGNED NOT NULL AUTO_INCREMENT, AUTO_INCREMENT=4;

--
-- AUTO_INCREMENT for table `expenses`
--
ALTER TABLE `expenses`
  MODIFY `id` bigint(20) UNSIGNED NOT NULL AUTO_INCREMENT, AUTO_INCREMENT=5;

--
-- AUTO_INCREMENT for table `failed_jobs`
--
ALTER TABLE `failed_jobs`
  MODIFY `id` bigint(20) UNSIGNED NOT NULL AUTO_INCREMENT;

--
-- AUTO_INCREMENT for table `incomes`
--
ALTER TABLE `incomes`
  MODIFY `id` bigint(20) UNSIGNED NOT NULL AUTO_INCREMENT, AUTO_INCREMENT=11;

--
-- AUTO_INCREMENT for table `migrations`
--
ALTER TABLE `migrations`
  MODIFY `id` int(10) UNSIGNED NOT NULL AUTO_INCREMENT, AUTO_INCREMENT=26;

--
-- AUTO_INCREMENT for table `orders`
--
ALTER TABLE `orders`
  MODIFY `id` bigint(20) UNSIGNED NOT NULL AUTO_INCREMENT, AUTO_INCREMENT=25;

--
-- AUTO_INCREMENT for table `order_items`
--
ALTER TABLE `order_items`
  MODIFY `id` bigint(20) UNSIGNED NOT NULL AUTO_INCREMENT, AUTO_INCREMENT=42;

--
-- AUTO_INCREMENT for table `otpresets`
--
ALTER TABLE `otpresets`
  MODIFY `id` bigint(20) UNSIGNED NOT NULL AUTO_INCREMENT;

--
-- AUTO_INCREMENT for table `payments`
--
ALTER TABLE `payments`
  MODIFY `id` bigint(20) UNSIGNED NOT NULL AUTO_INCREMENT, AUTO_INCREMENT=11;

--
-- AUTO_INCREMENT for table `products`
--
ALTER TABLE `products`
  MODIFY `id` bigint(20) UNSIGNED NOT NULL AUTO_INCREMENT, AUTO_INCREMENT=64;

--
-- AUTO_INCREMENT for table `purchasecompanies`
--
ALTER TABLE `purchasecompanies`
  MODIFY `id` bigint(20) UNSIGNED NOT NULL AUTO_INCREMENT, AUTO_INCREMENT=9;

--
-- AUTO_INCREMENT for table `routes`
--
ALTER TABLE `routes`
  MODIFY `id` bigint(20) UNSIGNED NOT NULL AUTO_INCREMENT, AUTO_INCREMENT=4;

--
-- AUTO_INCREMENT for table `sr_shops`
--
ALTER TABLE `sr_shops`
  MODIFY `id` bigint(20) UNSIGNED NOT NULL AUTO_INCREMENT, AUTO_INCREMENT=39;

--
-- AUTO_INCREMENT for table `stock_ins`
--
ALTER TABLE `stock_ins`
  MODIFY `id` bigint(20) UNSIGNED NOT NULL AUTO_INCREMENT, AUTO_INCREMENT=127;

--
-- AUTO_INCREMENT for table `s_r_s`
--
ALTER TABLE `s_r_s`
  MODIFY `id` bigint(20) UNSIGNED NOT NULL AUTO_INCREMENT;

--
-- AUTO_INCREMENT for table `trips`
--
ALTER TABLE `trips`
  MODIFY `id` bigint(20) UNSIGNED NOT NULL AUTO_INCREMENT, AUTO_INCREMENT=9;

--
-- AUTO_INCREMENT for table `units`
--
ALTER TABLE `units`
  MODIFY `id` bigint(20) UNSIGNED NOT NULL AUTO_INCREMENT, AUTO_INCREMENT=9;

--
-- AUTO_INCREMENT for table `users`
--
ALTER TABLE `users`
  MODIFY `id` bigint(20) UNSIGNED NOT NULL AUTO_INCREMENT, AUTO_INCREMENT=17;

--
-- AUTO_INCREMENT for table `warehouses`
--
ALTER TABLE `warehouses`
  MODIFY `id` bigint(20) UNSIGNED NOT NULL AUTO_INCREMENT, AUTO_INCREMENT=12;
COMMIT;

/*!40101 SET CHARACTER_SET_CLIENT=@OLD_CHARACTER_SET_CLIENT */;
/*!40101 SET CHARACTER_SET_RESULTS=@OLD_CHARACTER_SET_RESULTS */;
/*!40101 SET COLLATION_CONNECTION=@OLD_COLLATION_CONNECTION */;
